o,alpha,beta,gamma,decs
o1,0.5,0.25,0.2222222222222222,BND
o2,0.4,0.2857142857142857,0.23529411764705882,BND
o3,0.41935483870967744,0.25,0.37037037037037035,BND
o4,0.5217391304347826,0.42857142857142855,0.5,NEG
o5,0.4583333333333333,0.36363636363636365,0.4222222222222222,NEG
o6,0.4166666666666667,0.3333333333333333,0.32,BND
o7,0.6875,0.4,0.6333333333333333,NEG
o8,0.3333333333333333,0.8,0.23076923076923078,POS
